epoch,time,train/box_loss,train/cls_loss,train/dfl_loss,metrics/precision(B),metrics/recall(B),metrics/mAP50(B),metrics/mAP50-95(B),val/box_loss,val/cls_loss,val/dfl_loss,lr/pg0,lr/pg1,lr/pg2
1,20.7625,1.59576,2.71417,1.14592,0.42921,0.87668,0.7845,0.486,1.19019,3.1856,1.0041,0.000537144,0.000537144,0.000537144
2,41.014,1.32819,1.33565,1.03546,1,0.46402,0.88215,0.59695,1.19321,2.24742,1.02899,0.00106576,0.00106576,0.00106576
3,61.5252,1.219,1.02184,0.99738,0.99109,0.84987,0.89044,0.58871,1.15839,1.58028,1.0193,0.00156688,0.00156688,0.00156688
4,81.5387,1.13277,0.93838,0.98249,1,0.88067,0.915,0.63651,1.0813,1.42392,1.01295,0.00154323,0.00154323,0.00154323
5,101.724,1.05544,0.87402,0.9715,0.99761,0.89835,0.90024,0.68027,0.95627,0.83653,0.94974,0.00150197,0.00150197,0.00150197
6,121.666,0.97869,0.80886,0.938,0.98981,0.93019,0.96191,0.73306,0.75171,0.68055,0.8919,0.00146071,0.00146071,0.00146071
7,141.661,0.89854,0.75781,0.91827,0.98838,0.91935,0.96147,0.73689,0.74004,0.66187,0.9009,0.00141945,0.00141945,0.00141945
8,161.765,0.84558,0.72042,0.90402,0.9874,0.94844,0.96403,0.76497,0.66966,0.63476,0.89282,0.00137819,0.00137819,0.00137819
9,181.63,0.83346,0.7015,0.9053,0.99027,0.94435,0.96279,0.71081,0.76246,0.64585,0.91671,0.00133693,0.00133693,0.00133693
10,201.775,0.87961,0.70747,0.9033,0.98868,0.96335,0.965,0.78682,0.6383,0.62899,0.8818,0.00129568,0.00129568,0.00129568
11,222.031,0.81617,0.66405,0.90166,0.9954,0.90022,0.93259,0.78063,0.66864,0.59727,0.89149,0.00125442,0.00125442,0.00125442
12,242.15,0.76126,0.64965,0.8991,0.94132,0.93528,0.94496,0.78257,0.5875,0.57432,0.86428,0.00121316,0.00121316,0.00121316
13,262.065,0.76583,0.62436,0.87788,0.97481,0.91583,0.94451,0.79975,0.5368,0.53124,0.86195,0.0011719,0.0011719,0.0011719
14,281.997,0.72126,0.59555,0.8826,0.98878,0.95161,0.9645,0.80592,0.53795,0.5009,0.86781,0.00113064,0.00113064,0.00113064
15,302.149,0.7475,0.60282,0.88784,0.96793,0.96774,0.964,0.81042,0.60424,0.50846,0.86427,0.00108938,0.00108938,0.00108938
16,322.42,0.736,0.58212,0.88399,0.99676,0.91752,0.94767,0.80005,0.55491,0.48259,0.85501,0.00104813,0.00104813,0.00104813
17,342.508,0.73202,0.58478,0.8784,0.97146,0.95161,0.96107,0.79206,0.63012,0.50396,0.87315,0.00100687,0.00100687,0.00100687
18,362.502,0.68613,0.55498,0.86835,0.96145,0.95161,0.96352,0.81935,0.48874,0.476,0.85163,0.00096561,0.00096561,0.00096561
19,382.539,0.66142,0.54891,0.86059,0.97541,0.96774,0.9645,0.81416,0.51471,0.471,0.85544,0.000924352,0.000924352,0.000924352
20,402.767,0.66308,0.52575,0.85125,0.98822,0.96774,0.965,0.80698,0.55322,0.44128,0.85764,0.000883093,0.000883093,0.000883093
21,423.156,0.61473,0.50294,0.85551,0.9922,0.96168,0.965,0.84201,0.48287,0.43777,0.84996,0.000841835,0.000841835,0.000841835
22,443.421,0.65146,0.52261,0.86101,0.97185,0.96774,0.9645,0.84615,0.44315,0.42001,0.83753,0.000800577,0.000800577,0.000800577
23,463.605,0.62062,0.50724,0.85935,0.97557,0.98159,0.97903,0.82896,0.48779,0.44772,0.84007,0.000759318,0.000759318,0.000759318
24,483.873,0.6473,0.51433,0.85721,0.97707,0.9673,0.96333,0.82329,0.52748,0.43001,0.84367,0.00071806,0.00071806,0.00071806
25,504.318,0.61461,0.49026,0.85739,0.97379,0.96774,0.96333,0.84241,0.45373,0.41582,0.84215,0.000676802,0.000676802,0.000676802
26,524.357,0.55972,0.46919,0.84455,0.97519,0.96774,0.964,0.85489,0.45029,0.3923,0.83431,0.000635544,0.000635544,0.000635544
27,544.548,0.60518,0.47894,0.84288,0.99656,0.93294,0.96218,0.82716,0.44962,0.41579,0.83788,0.000594286,0.000594286,0.000594286
28,564.405,0.58384,0.46559,0.84317,0.96011,0.96368,0.96235,0.83372,0.41682,0.37528,0.83838,0.000553027,0.000553027,0.000553027
29,584.054,0.56851,0.45319,0.83513,0.97564,0.96774,0.9645,0.84165,0.41931,0.38391,0.83626,0.000511769,0.000511769,0.000511769
30,604.546,0.56268,0.45814,0.84246,0.99528,0.96521,0.965,0.85056,0.40503,0.37461,0.82898,0.000470511,0.000470511,0.000470511
31,624.07,0.473,0.43814,0.82035,0.97692,0.98326,0.97952,0.85029,0.39395,0.37605,0.82581,0.000429253,0.000429253,0.000429253
32,643.42,0.45998,0.43171,0.81265,0.9619,0.96705,0.96231,0.84326,0.42249,0.38766,0.83207,0.000387994,0.000387994,0.000387994
33,663.245,0.42049,0.4032,0.82055,0.96187,0.96723,0.96231,0.85451,0.40805,0.37422,0.82812,0.000346736,0.000346736,0.000346736
34,682.524,0.42576,0.39593,0.81252,0.97954,0.948,0.95921,0.86241,0.38785,0.36256,0.82106,0.000305478,0.000305478,0.000305478
35,701.949,0.41132,0.39691,0.80659,0.99672,0.9635,0.97684,0.84692,0.38626,0.36218,0.82413,0.00026422,0.00026422,0.00026422
36,721.491,0.39976,0.38429,0.82007,0.9968,0.96562,0.965,0.86294,0.37017,0.34579,0.82177,0.000222961,0.000222961,0.000222961
37,741.218,0.39021,0.3842,0.81138,0.99754,0.96604,0.965,0.8722,0.35082,0.33983,0.82243,0.000181703,0.000181703,0.000181703
38,760.54,0.38715,0.37992,0.80602,0.99509,0.96774,0.965,0.88377,0.32887,0.32409,0.81823,0.000140445,0.000140445,0.000140445
39,779.87,0.3828,0.37535,0.79834,0.99403,0.96774,0.965,0.88742,0.32113,0.31621,0.81696,9.91865e-05,9.91865e-05,9.91865e-05
40,799.546,0.35162,0.3614,0.80656,0.99343,0.96774,0.97824,0.88639,0.32127,0.31534,0.81687,5.79283e-05,5.79283e-05,5.79283e-05
